{"cameraMode":{"drawMode":0,"name":"Shaded","section":"Shading Mode"},"sceneLighting":false,"audioPlay":false,"sceneViewState":{"m_AlwaysRefresh":false,"showFog":true,"showSkybox":false,"showFlares":true,"showImageEffects":true,"showParticleSystems":true,"showVisualEffectGraphs":true,"m_FxEnabled":true},"in2DMode":false,"pivot":{"x":2.011852264404297,"y":-0.16204208135604859,"z":-3.867812395095825},"rotation":{"x":0.10280239582061768,"y":0.37041863799095156,"z":-0.041265055537223819,"w":0.922263503074646},"size":2.0915608406066896,"orthographic":false}