{"cameraMode":{"drawMode":0,"name":"Shaded","section":"Shading Mode"},"sceneLighting":false,"audioPlay":false,"sceneViewState":{"m_AlwaysRefresh":false,"showFog":true,"showSkybox":false,"showFlares":true,"showImageEffects":true,"showParticleSystems":true,"showVisualEffectGraphs":true,"m_FxEnabled":true},"in2DMode":false,"pivot":{"x":0.37293490767478945,"y":0.8519001007080078,"z":-1.4325108528137208},"rotation":{"x":0.23799116909503938,"y":-0.15079720318317414,"z":0.03743016719818115,"w":0.958763062953949},"size":0.8660253882408142,"orthographic":false}