{"cameraMode":{"drawMode":0,"name":"Shaded","section":"Shading Mode"},"sceneLighting":false,"audioPlay":false,"sceneViewState":{"m_AlwaysRefresh":false,"showFog":true,"showSkybox":false,"showFlares":true,"showImageEffects":true,"showParticleSystems":true,"showVisualEffectGraphs":true,"m_FxEnabled":true},"in2DMode":false,"pivot":{"x":1.091957926750183,"y":19.751550674438478,"z":-10.498458862304688},"rotation":{"x":0.18473617732524873,"y":-0.14084233343601228,"z":0.02680378407239914,"w":0.9722792506217957},"size":0.9457216858863831,"orthographic":false}