{"cameraMode":{"drawMode":0,"name":"Shaded","section":"Shading Mode"},"sceneLighting":false,"audioPlay":false,"sceneViewState":{"m_AlwaysRefresh":false,"showFog":true,"showSkybox":false,"showFlares":true,"showImageEffects":true,"showParticleSystems":true,"showVisualEffectGraphs":true,"m_FxEnabled":true},"in2DMode":false,"pivot":{"x":-0.11020302772521973,"y":1.4254419803619385,"z":6.411020278930664},"rotation":{"x":0.2142900675535202,"y":-0.45238855481147768,"z":0.1130494475364685,"w":0.8583304286003113},"size":0.4330126941204071,"orthographic":false}