{"cameraMode":{"drawMode":0,"name":"Shaded","section":"Shading Mode"},"sceneLighting":false,"audioPlay":false,"sceneViewState":{"m_AlwaysRefresh":false,"showFog":true,"showSkybox":false,"showFlares":true,"showImageEffects":true,"showParticleSystems":true,"showVisualEffectGraphs":true,"m_FxEnabled":true},"in2DMode":false,"pivot":{"x":-1.9150701761245728,"y":4.266250133514404,"z":3.8288493156433107},"rotation":{"x":0.24948140978813172,"y":-0.03035815618932247,"z":0.007869078777730465,"w":0.9678763151168823},"size":0.8660256862640381,"orthographic":false}