{"cameraMode":{"drawMode":0,"name":"Shaded","section":"Shading Mode"},"sceneLighting":false,"audioPlay":false,"sceneViewState":{"m_AlwaysRefresh":false,"showFog":true,"showSkybox":false,"showFlares":true,"showImageEffects":true,"showParticleSystems":true,"showVisualEffectGraphs":true,"m_FxEnabled":true},"in2DMode":false,"pivot":{"x":-0.26728662848472597,"y":4.495253562927246,"z":3.555992364883423},"rotation":{"x":0.22688530385494233,"y":-0.17550025880336762,"z":0.041648607701063159,"w":0.957077145576477},"size":0.8660256862640381,"orthographic":false}